{"0":87.5,"1":100.0,"2":37.5,"3":50.0,"4":100.0,"5":80.0,"6":100.0,"7":100.0,"8":100.0,"9":66.6666666667,"10":60.0,"11":50.0,"12":63.6363636364,"13":75.0,"14":83.3333333333,"15":66.6666666667,"16":57.1428571429,"17":88.8888888889,"18":66.6666666667,"19":33.3333333333,"20":20.0,"21":100.0,"22":75.0,"23":100.0,"24":100.0,"25":100.0,"26":63.6363636364,"27":40.0,"28":100.0,"29":50.0,"30":75.0,"31":70.0,"32":60.0,"33":0.0,"34":66.6666666667,"35":100.0}