{"0":57.1428571429,"1":55.5555555556,"2":80.0,"3":100.0,"4":69.2307692308,"5":76.1904761905,"6":80.0,"7":84.2105263158,"8":72.7272727273,"9":53.3333333333,"10":69.2307692308,"11":50.0,"12":77.2727272727,"13":58.3333333333,"14":64.2857142857,"15":50.0,"16":73.9130434783,"17":66.6666666667,"18":91.6666666667,"19":87.5,"20":63.6363636364,"21":100.0,"22":72.7272727273,"23":100.0,"24":60.0,"25":66.6666666667,"26":90.9090909091,"27":90.9090909091,"28":63.6363636364,"29":60.0,"30":90.9090909091,"31":75.0,"32":85.7142857143,"33":40.0,"34":44.4444444444,"35":100.0}