{"瀚亞巴西基金":{"money_people":0.945750081,"news_people":0.1770119023,"news_money":0.1925343975,"news_lead_money":0.2823156756,"news_lead_people":0.0198095473},"野村巴西基金":{"money_people":0.7173062495,"news_people":0.1954310044,"news_money":0.1676543227,"news_lead_money":0.0733798348,"news_lead_people":-0.0491098376}}