{"兆豐國際中國A股基金(台幣)":{"money_people":0.958096049,"news_people":-0.5551992729,"news_money":-0.4760933088},"安聯中國東協基金":{"money_people":0.7964522122,"news_people":-0.1165537085,"news_money":-0.1104356997},"日盛中國內需動力基金":{"money_people":0.8735454447,"news_people":0.4187425489,"news_money":0.3145099601},"安聯中國策略基金":{"money_people":0.8497325509,"news_people":-0.1767425522,"news_money":-0.1255749925},"兆豐國際中國A股基金(美金)":{"money_people":0.2865025857,"news_people":-0.3222326275,"news_money":0.1769478379},"國泰中國內需增長基金台幣級別":{"money_people":0.9741393856,"news_people":-0.5483131094,"news_money":-0.5626985512},"摩根中國亮點基金":{"money_people":0.8626785552,"news_people":0.2984704853,"news_money":0.1671472676},"復華中國新經濟A股基金-新臺幣":{"money_people":0.977561954,"news_people":-0.6127146956,"news_money":-0.6324458639},"野村中國機會基金":{"money_people":0.9279142578,"news_people":-0.3929882972,"news_money":-0.4804098914},"群益中國新機會基金-新臺幣":{"money_people":0.5523124591,"news_people":0.0630985301,"news_money":0.2833644815},"台新中國精選中小基金":{"money_people":0.4940889387,"news_people":0.2089487322,"news_money":0.3326473515},"第一金中國世紀基金-新臺幣":{"money_people":0.9240523306,"news_people":0.5099205087,"news_money":0.5593813169},"德信中國精選成長基金":{"money_people":0.066912204,"news_people":-0.0907634166,"news_money":0.5653230134}}