{"野村新興傘型基金之大俄羅斯基金":{"money_people":0.6531985089,"news_people":0.2230333989,"news_money":0.1161693496,"news_lead_money":-0.1045644954,"news_lead_people":-0.0451781332}}