{"野村新興傘型基金之大俄羅斯基金":{"money_people":0.6531985089,"news_people":0.1161693496,"news_money":0.2230333989}}