{"瀚亞巴西基金":{"0":1.0,"1":0.9833119384,"2":0.9614890886,"3":0.9011553273,"4":0.8305519897,"5":0.7881899872,"6":0.7477535302,"7":0.7105263158,"8":0.6546854942,"9":0.6097560976,"10":0.6206675225,"11":0.6026957638,"12":0.5949935815,"13":0.5757381258,"14":0.5680359435,"15":0.5462130937,"16":0.5275994865,"17":0.5224646983,"18":0.5314505777,"19":0.5237483954,"20":0.4159178434,"21":0.5186136072,"22":0.5237483954,"23":0.5186136072,"24":0.5154043646,"25":0.5186136072,"26":0.512195122,"27":0.5064184852,"28":0.5102695764,"29":0.5089858793,"30":0.5096277279,"31":0.4974326059,"32":0.4961489089,"33":0.485237484,"34":0.4813863928,"35":0.4724005135},"野村巴西基金":{"0":1.0,"1":0.9952550415,"2":0.9816132859,"3":0.9294187426,"4":0.8659549229,"5":0.8119810202,"6":0.7858837485,"7":0.7520759193,"8":0.7129300119,"9":0.6595492289,"10":0.6850533808,"11":0.6880189798,"12":0.6832740214,"13":0.6512455516,"14":0.637603796,"15":0.6239620403,"16":0.5824436536,"17":0.5854092527,"18":0.581257414,"19":0.5830367734,"20":0.5699881376,"21":0.5753262159,"22":0.5925266904,"23":0.5865954923,"24":0.5984578885,"25":0.6109134045,"26":0.5972716489,"27":0.5860023725,"28":0.5901542112,"29":0.584223013,"30":0.5919335706,"31":0.5865954923,"32":0.5533807829,"33":0.5551601423,"34":0.5575326216,"35":0.5527876631}}