{"安聯中國策略基金":{"0":0.5812014712,"1":0.6296689824,"2":0.6229668982,"3":0.6364527993,"4":0.4081732734,"5":0.7215365754,"6":0.5458929301,"7":0.4881896199,"8":0.4653861872,"9":0.4100531263,"10":0.3925623212,"11":0.3855333061,"12":0.3747445852,"13":0.3678790356,"14":0.3740089906,"15":0.3738455251,"16":0.3730281978,"17":0.3727829996,"18":0.3729464651,"19":0.3641193298,"20":0.3678790356,"21":0.3657539845,"22":0.4699632203,"23":0.3511238251,"24":0.3407437679,"25":0.3362484675,"26":0.3589701676,"27":0.3648549244,"28":0.3677973028,"29":0.3964854924,"30":0.4062934205,"31":0.4127503065,"32":0.4836125868,"33":0.5294646506,"34":1.0,"35":0.8604004904},"野村中國機會基金":{"0":0.6382128974,"1":0.6245806486,"2":0.6069013259,"3":0.7662814846,"4":0.5166941797,"5":0.5040204484,"6":0.4985888492,"7":0.4817615421,"8":0.6096171255,"9":0.4396400234,"10":0.4607274083,"11":0.4302146014,"12":0.4346876831,"13":0.415943341,"14":0.4162628468,"15":0.4323978913,"16":0.4311198679,"17":0.4349539379,"18":0.451727994,"19":0.4547632994,"20":0.4311198679,"21":0.4294158368,"22":0.4495447042,"23":0.4468289046,"24":0.4453378774,"25":0.4511954843,"26":0.4715373556,"27":0.5354917727,"28":0.6071143298,"29":0.6546141967,"30":0.7911496885,"31":1.0,"32":0.8551573566,"33":0.8628254966,"34":0.8666063156,"35":0.8446669152},"復華中國新經濟A股基金-新臺幣":{"0":0.0008380379,"1":0.0689116266,"2":0.1050944774,"3":0.0852986642,"4":0.0780167947,"5":0.0752308851,"6":0.0761481968,"7":0.0880392745,"8":0.1075746165,"9":0.0877448288,"10":0.1126141685,"11":0.0981297033,"12":0.105332299,"13":0.1028634848,"14":0.1134182319,"15":0.1348334966,"16":0.1109380928,"17":0.1096244118,"18":0.1183671852,"19":0.1231462659,"20":0.1125235698,"21":0.1097150105,"22":0.1579814612,"23":0.1520245975,"24":0.1735757603,"25":0.3872640895,"26":0.3674569515,"27":0.4238772841,"28":0.5828779806,"29":0.5905335696,"30":0.8437455762,"31":0.6952543275,"32":1.0,"33":0.758894243,"34":0.9008963608,"35":0.8004224164},"日盛中國內需動力基金":{"0":0.676933378,"1":0.708235688,"2":0.9454301975,"3":0.8106796117,"4":0.8322731838,"5":1.0,"6":0.6387679946,"7":0.6715768329,"8":0.6104787412,"9":0.5644459324,"10":0.6064613324,"11":0.5614328758,"12":0.55189153,"13":0.5361566789,"14":0.5287914295,"15":0.5214261801,"16":0.531469702,"17":0.5349849347,"18":0.5199196518,"19":0.484599933,"20":0.4414127888,"21":0.4365584198,"22":0.4884499498,"23":0.4414127888,"24":0.385169066,"25":0.4251757616,"26":0.3900234349,"27":0.4211583529,"28":0.4238366254,"29":0.4390693003,"30":0.4715433545,"31":0.4614998326,"32":0.4499497824,"33":0.4189822564,"34":0.4951456311,"35":0.4573150318},"群益中國新機會基金-新臺幣":{"0":0.6229699978,"1":1.0,"2":0.6424027752,"3":0.454216799,"4":0.2716526797,"5":0.3418852719,"6":0.3559886588,"7":0.3976813902,"8":0.3414871924,"9":0.2148979211,"10":0.2951556166,"11":0.2849274114,"12":0.2616844448,"13":0.286146022,"14":0.258369824,"15":0.2833269695,"16":0.2693535677,"17":0.2631386535,"18":0.2584998091,"19":0.2393107538,"20":0.1580375495,"21":0.1463226393,"22":0.2576142854,"23":0.1884378224,"24":0.2017775467,"25":0.1891689888,"26":0.2019887725,"27":0.2462405862,"28":0.2525367411,"29":0.253446637,"30":0.2850817688,"31":0.2808491279,"32":0.2847811782,"33":0.2533978926,"34":0.2484747057,"35":0.2306667425},"安聯中國東協基金":{"0":0.8094751728,"1":0.841451917,"2":0.815681961,"3":0.7866121936,"4":0.4888434947,"5":1.0,"6":0.775769956,"7":0.7143306097,"8":0.6509270899,"9":0.6114079195,"10":0.5890949089,"11":0.5819453174,"12":0.5758956631,"13":0.5859522313,"14":0.5848522942,"15":0.6087366436,"16":0.6212287869,"17":0.6356065368,"18":0.625,"19":0.6066939032,"20":0.6020584538,"21":0.5977372722,"22":0.783469516,"23":0.586345066,"24":0.5810810811,"25":0.6037083595,"26":0.6475487115,"27":0.6588623507,"28":0.6781112508,"29":0.7049811439,"30":0.6943746072,"31":0.707416719,"32":0.7714487744,"33":0.8306096794,"34":0.9769013199,"35":0.7650848523},"兆豐國際中國A股基金(台幣)":{"0":0.5509516723,"1":0.5601159239,"2":0.5483668834,"3":0.5197775515,"4":0.4965927783,"5":0.4857053341,"6":0.4970627399,"7":0.4936163547,"8":0.4819456411,"9":0.4788125636,"10":0.4743479283,"11":0.4743479283,"12":0.4653403305,"13":0.4719197932,"14":0.4589175217,"15":0.4651836767,"16":0.4668285423,"17":0.4524947129,"18":0.4612673298,"19":0.4798308138,"20":0.4799874677,"21":0.4737996397,"22":0.6892770424,"23":0.4809273909,"24":0.48453043,"25":0.5040338372,"26":0.5571395003,"27":0.6004542962,"28":0.6248139735,"29":0.6878671575,"30":0.7586747082,"31":0.8113887366,"32":0.8670791885,"33":0.9151719276,"34":1.0,"35":0.9704707449},"德信中國精選成長基金":{"0":0.875,"1":0.875,"2":0.8365384615,"3":0.8307692308,"4":0.7846153846,"5":0.7538461538,"6":0.775,"7":0.7673076923,"8":0.5788461538,"9":0.6326923077,"10":0.6923076923,"11":0.6923076923,"12":0.6961538462,"13":0.7134615385,"14":0.7115384615,"15":0.6961538462,"16":0.6884615385,"17":0.6846153846,"18":0.6923076923,"19":0.6961538462,"20":0.4096153846,"21":0.7076923077,"22":1.0,"23":0.7134615385,"24":0.7,"25":0.7384615385,"26":0.6923076923,"27":0.6865384615,"28":0.5038461538,"29":0.5038461538,"30":0.4942307692,"31":0.4980769231,"32":0.5134615385,"33":0.5134615385,"34":0.5038461538,"35":0.4980769231},"台新中國精選中小基金":{"0":0.8648782911,"1":0.8315946349,"2":0.8648782911,"3":0.7903626428,"4":1.0,"5":0.9220069548,"6":0.6557377049,"7":0.7173373075,"8":0.7054148038,"9":0.6462990561,"10":0.6577247889,"11":0.610034774,"12":0.6145057129,"13":0.6055638351,"14":0.5717834078,"15":0.5514157973,"16":0.6815697963,"17":0.7352210631,"18":0.7451564829,"19":0.7088922007,"20":0.6756085445,"21":0.4465971187,"22":0.7650273224,"23":0.6000993542,"24":0.5911574764,"25":0.607054148,"26":0.6060606061,"27":0.5842026826,"28":0.6800794834,"29":0.7088922007,"30":0.7237953304,"31":0.6686537506,"32":0.7059115748,"33":0.7133631396,"34":0.651266766,"35":0.6428216592},"國泰中國內需增長基金台幣級別":{"0":0.4762009592,"1":0.505212674,"2":0.442519066,"3":0.4155043636,"4":0.37163299,"5":0.3828445633,"6":0.3628272663,"7":0.4104725214,"8":0.3568991273,"9":0.3256073591,"10":0.3830332573,"11":0.3261891658,"12":0.3182954635,"13":0.3001493828,"14":0.2824907619,"15":0.2999292397,"16":0.2936394371,"17":0.2945514584,"18":0.2843934272,"19":0.2796760752,"20":0.2059124145,"21":0.2682129098,"22":0.321786304,"23":0.2566239484,"24":0.3012972718,"25":0.3588489661,"26":0.4082081925,"27":0.447362214,"28":0.5816337762,"29":0.7780800377,"30":0.9595565689,"31":0.9038289174,"32":0.9671515056,"33":0.8777419608,"34":1.0,"35":0.9566160862},"第一金中國世紀基金-新臺幣":{"0":0.6759882664,"1":1.0,"2":0.924292278,"3":0.8391013212,"4":0.7528709139,"5":0.8166914797,"6":0.7404218845,"7":0.7685211784,"8":0.6760306553,"9":0.5217085053,"10":0.7442952936,"11":0.6509849913,"12":0.5976665063,"13":0.5795641157,"14":0.5719736263,"15":0.5968511969,"16":0.6003323716,"17":0.6256645886,"18":0.6465645309,"19":0.5884179309,"20":0.4993929629,"21":0.4962343993,"22":0.6905467548,"23":0.5484372966,"24":0.5488572807,"25":0.5208157128,"26":0.51164703,"27":0.5062618273,"28":0.482740602,"29":0.4510187263,"30":0.4582492506,"31":0.4547470893,"32":0.1635141958,"33":0.1521460254,"34":0.2579253801,"35":0.1489340062},"兆豐國際中國A股基金(美金)":{"0":0.2263687403,"1":0.8204316757,"2":0.9656205186,"3":1.0,"4":0.6224360875,"5":0.2665128353,"6":0.3354261711,"7":0.2951876242,"8":0.2405944174,"9":0.2727994735,"10":0.2465509817,"11":0.2471989421,"12":0.2435752386,"13":0.2410067559,"14":0.2444801488,"15":0.242948606,"16":0.2421036168,"17":0.2456795866,"18":0.2335166174,"19":0.2052216675,"20":0.1904607628,"21":0.1793002027,"22":0.3133335635,"23":0.2513487327,"24":0.2540533074,"25":0.2630536609,"26":0.2633969377,"27":0.273923756,"28":0.2025201396,"29":0.2000857177,"30":0.2255410165,"31":0.2700979456,"32":0.3087815906,"33":0.34970466,"34":0.3614014633,"35":0.3767422824},"摩根中國亮點基金":{"0":0.9323348414,"1":0.9327001433,"2":0.9162896563,"3":0.8881333071,"4":0.8308933037,"5":0.7885182791,"6":0.7611768342,"7":0.7457779526,"8":0.7296484671,"9":0.3975047068,"10":1.0,"11":0.6450670189,"12":0.6657487285,"13":0.6308202433,"14":0.6146345576,"15":0.6098856324,"16":0.5972686655,"17":0.591311434,