{"兆豐國際中國A股基金(台幣)":{"money_people":0.958096049,"news_people":-0.5551992729,"news_money":-0.4760933088,"news_lead_money":-0.5506492116,"news_lead_people":-0.5458447645},"安聯中國東協基金":{"money_people":0.7964522122,"news_people":-0.1165537085,"news_money":-0.1104356997,"news_lead_money":-0.1103509466,"news_lead_people":-0.2031371119},"日盛中國內需動力基金":{"money_people":0.8735454447,"news_people":0.4187425489,"news_money":0.3145099601,"news_lead_money":0.329060604,"news_lead_people":0.2618561327},"安聯中國策略基金":{"money_people":0.8497325509,"news_people":-0.1767425522,"news_money":-0.1255749925,"news_lead_money":-0.1242408759,"news_lead_people":-0.0992010548},"兆豐國際中國A股基金(美金)":{"money_people":0.2865025857,"news_people":-0.3222326275,"news_money":0.1769478379,"news_lead_money":0.1831480315,"news_lead_people":0.1177457923},"國泰中國內需增長基金台幣級別":{"money_people":0.9741393856,"news_people":-0.5483131094,"news_money":-0.5626985512,"news_lead_money":-0.6297950085,"news_lead_people":-0.5299117413},"摩根中國亮點基金":{"money_people":0.8626785552,"news_people":0.2984704853,"news_money":0.1671472676,"news_lead_money":-0.0725383756,"news_lead_people":0.1986789105},"復華中國新經濟A股基金-新臺幣":{"money_people":0.977561954,"news_people":-0.6127146956,"news_money":-0.6324458639,"news_lead_money":-0.6299474447,"news_lead_people":-0.6001881317},"野村中國機會基金":{"money_people":0.9279142578,"news_people":-0.3929882972,"news_money":-0.4804098914,"news_lead_money":-0.4728688211,"news_lead_people":-0.3926141801},"群益中國新機會基金-新臺幣":{"money_people":0.5523124591,"news_people":0.0630985301,"news_money":0.2833644815,"news_lead_money":0.1284276317,"news_lead_people":0.206866324},"台新中國精選中小基金":{"money_people":0.4940889387,"news_people":0.2089487322,"news_money":0.3326473515,"news_lead_money":0.1918563738,"news_lead_people":0.0502653935},"第一金中國世紀基金-新臺幣":{"money_people":0.9240523306,"news_people":0.5099205087,"news_money":0.5593813169,"news_lead_money":0.4696945683,"news_lead_people":0.4543231977},"德信中國精選成長基金":{"money_people":0.066912204,"news_people":-0.0907634166,"news_money":0.5653230134,"news_lead_money":0.4012202948,"news_lead_people":0.4248736649}}