{"0":67.4698795181,"1":73.9583333333,"2":69.5238095238,"3":64.2857142857,"4":71.2765957447,"5":66.0,"6":61.2903225806,"7":68.1818181818,"8":63.6363636364,"9":56.8181818182,"10":57.9310344828,"11":72.7272727273,"12":62.8571428571,"13":61.7647058824,"14":61.6666666667,"15":68.8,"16":70.0729927007,"17":71.1409395973,"18":73.6,"19":78.021978022,"20":68.345323741,"21":67.3913043478,"22":78.431372549,"23":60.3773584906,"24":67.6136363636,"25":53.1791907514,"26":66.4670658683,"27":51.8987341772,"28":57.671957672,"29":58.2417582418,"30":54.5454545455,"31":55.2380952381,"32":59.2417061611,"33":56.4444444444,"34":55.8558558559,"35":56.043956044}