{"台新印度基金":{"0":0.9169550173,"1":0.9169550173,"2":0.9515570934,"3":0.9688581315,"4":0.9896193772,"5":0.9861591696,"6":1.0,"7":0.955017301,"8":0.9273356401,"9":0.9273356401,"10":0.9134948097,"11":0.8961937716,"12":0.875432526,"13":0.8650519031,"14":0.8546712803,"15":0.8477508651,"16":0.8373702422,"17":0.8166089965,"18":0.7993079585,"19":0.7820069204,"20":0.6124567474,"21":0.7785467128,"22":0.7750865052,"23":0.7612456747,"24":0.7716262976,"25":0.7612456747,"26":0.7820069204,"27":0.785467128,"28":0.8235294118,"29":0.8546712803,"30":0.8858131488,"31":0.9134948097,"32":0.9238754325,"33":0.9515570934,"34":0.9723183391,"35":0.9480968858},"野村雙印傘型基金之印度潛力基金":{"0":0.9939393939,"1":0.9844155844,"2":0.9714285714,"3":1.0,"4":0.9792207792,"5":0.9541125541,"6":0.974025974,"7":0.9341991342,"8":0.8952380952,"9":0.8770562771,"10":0.8744588745,"11":0.8545454545,"12":0.8372294372,"13":0.8225108225,"14":0.8268398268,"15":0.8155844156,"16":0.8155844156,"17":0.8242424242,"18":0.8303030303,"19":0.8337662338,"20":0.8147186147,"21":0.8173160173,"22":0.8441558442,"23":0.8441558442,"24":0.8536796537,"25":0.8467532468,"26":0.8735930736,"27":0.9134199134,"28":0.9575757576,"29":0.9913419913,"30":0.9904761905,"31":0.9774891775,"32":0.9653679654,"33":0.9584415584,"34":0.9662337662,"35":0.916017316},"元大印度基金":{"0":0.7707581227,"1":0.7626353791,"2":0.7527075812,"3":0.9088447653,"4":0.8989169675,"5":0.8781588448,"6":0.880866426,"7":0.8655234657,"8":0.8384476534,"9":0.690433213,"10":0.8727436823,"11":0.8339350181,"12":0.8240072202,"13":0.8113718412,"14":0.8059566787,"15":0.8258122744,"16":0.8321299639,"17":0.8167870036,"18":0.8194945848,"19":0.8339350181,"20":0.6777978339,"21":0.8375451264,"22":0.8483754513,"23":0.8185920578,"24":0.8474729242,"25":0.8528880866,"26":0.8935018051,"27":0.9241877256,"28":0.9368231047,"29":0.9783393502,"30":1.0,"31":0.9918772563,"32":0.8998194946,"33":0.7987364621,"34":0.9124548736,"35":0.8953068592}}