{"台新印度基金":{"money_people":0.9027307569,"news_people":-0.2597874633,"news_money":-0.1172201078,"news_lead_money":-0.2716138725,"news_lead_people":-0.2849211897},"元大印度基金":{"money_people":0.8412502072,"news_people":0.0968698947,"news_money":0.3110664511,"news_lead_money":-0.0245952251,"news_lead_people":0.1079805041},"野村雙印傘型基金之印度潛力基金":{"money_people":0.8749481154,"news_people":-0.0018657101,"news_money":-0.0134046489,"news_lead_money":0.0589658142,"news_lead_people":0.0906640691}}