{"野村新興傘型基金之大俄羅斯基金":{"0":1.0,"1":0.9781368821,"2":0.969581749,"3":0.9339353612,"4":0.8940114068,"5":0.8607414449,"6":0.8260456274,"7":0.8127376426,"8":0.7903992395,"9":0.7295627376,"10":0.7438212928,"11":0.7423954373,"12":0.7252851711,"13":0.7029467681,"14":0.7067490494,"15":0.7067490494,"16":0.7005703422,"17":0.7034220532,"18":0.6905893536,"19":0.6948669202,"20":0.6673003802,"21":0.683460076,"22":0.6877376426,"23":0.6734790875,"24":0.6715779468,"25":0.6744296578,"26":0.680608365,"27":0.6815589354,"28":0.680608365,"29":0.6787072243,"30":0.6772813688,"31":0.6711026616,"32":0.6563688213,"33":0.6682509506,"34":0.6644486692,"35":0.6939163498}}