{"野村新興傘型基金之大俄羅斯基金":{"0":0.9911188266,"1":0.852492012,"2":0.8147784738,"3":0.7362568244,"4":0.6733589956,"5":0.6725287443,"6":0.620625456,"7":0.6251289405,"8":0.9040179133,"9":0.5362165698,"10":0.5524945279,"11":0.5685460538,"12":0.5435378771,"13":0.5162150603,"14":0.5113341887,"15":0.5114851435,"16":0.5271844416,"17":0.5184290638,"18":0.5063526807,"19":0.5121644401,"20":0.5175736534,"21":0.6900394998,"22":0.6249779858,"23":0.5498025008,"24":0.5308828339,"25":0.586383878,"26":0.5779052507,"27":0.5749867915,"28":0.5631619996,"29":0.5868619015,"30":0.6242483709,"31":0.5746345636,"32":0.5543814628,"33":0.5710116487,"34":0.5819307118,"35":1.0}}