{"0":100.0,"1":80.0,"2":100.0,"3":0.0,"4":66.6666666667,"5":100.0,"6":83.3333333333,"7":33.3333333333,"8":100.0,"9":85.7142857143,"10":66.6666666667,"11":100.0,"12":100.0,"13":42.8571428571,"14":100.0,"15":100.0,"16":100.0,"17":87.5,"18":100.0,"19":50.0,"20":50.0,"21":100.0,"22":66.6666666667,"23":null,"24":80.0,"25":50.0,"26":0.0,"27":83.3333333333,"28":60.0,"29":58.3333333333,"30":83.3333333333,"31":100.0,"32":40.0,"33":50.0,"34":66.6666666667,"35":100.0}