{"瀚亞巴西基金":{"0":0.9875571992,"1":1.0,"2":0.9677267334,"3":0.8105605707,"4":0.7068979381,"5":0.6820124921,"6":0.6517613109,"7":0.6155221066,"8":0.5629519305,"9":0.5047047975,"10":0.5341783134,"11":0.5303677533,"12":0.5204914036,"13":0.5271793254,"14":0.5330895819,"15":0.4516680221,"16":0.4462243648,"17":0.456178481,"18":0.5818491979,"19":0.4871295611,"20":0.324208675,"21":0.4419472055,"22":0.5987245355,"23":0.466832496,"24":0.5319230839,"25":0.5389220719,"26":0.526246127,"27":0.4584337105,"28":0.4948284478,"29":0.4722761533,"30":0.5043159648,"31":0.4627886363,"32":0.498794541,"33":0.5046270309,"34":0.5030717003,"35":0.479819507},"野村巴西基金":{"0":0.9265275708,"1":0.9671385991,"2":1.0,"3":0.7740685544,"4":0.7677347243,"5":0.6412816692,"6":0.6085692996,"7":0.5746646796,"8":0.6084947839,"9":0.504023845,"10":0.5304023845,"11":0.5281669151,"12":0.6230253353,"13":0.5070789866,"14":0.4814456036,"15":0.479657228,"16":0.4830849478,"17":0.448733234,"18":0.7794336811,"19":0.5906110283,"20":0.523099851,"21":0.8868852459,"22":0.5154247392,"23":0.4780178838,"24":0.6611028316,"25":0.7814456036,"26":0.5076751118,"27":0.5019374069,"28":0.5356929955,"29":0.5628912072,"30":0.6085692996,"31":0.5402384501,"32":0.4924739195,"33":0.5085692996,"34":0.527123696,"35":0.4976900149}}