{"安聯中國策略基金":{"0":0.625698324,"1":0.6916201117,"2":0.7284916201,"3":0.7698324022,"4":0.6581005587,"5":0.8067039106,"6":0.7955307263,"7":0.7776536313,"8":0.7698324022,"9":0.7206703911,"10":0.7039106145,"11":0.6837988827,"12":0.6592178771,"13":0.6536312849,"14":0.6569832402,"15":0.651396648,"16":0.6569832402,"17":0.6424581006,"18":0.6469273743,"19":0.617877095,"20":0.6167597765,"21":0.6145251397,"22":0.6078212291,"23":0.5910614525,"24":0.5843575419,"25":0.5910614525,"26":0.6033519553,"27":0.6055865922,"28":0.6078212291,"29":0.6156424581,"30":0.6324022346,"31":0.6223463687,"32":0.6502793296,"33":0.6759776536,"34":0.9240223464,"35":1.0},"野村中國機會基金":{"0":0.8503589177,"1":0.8602981778,"2":0.8299282165,"3":0.8310325787,"4":0.7929320817,"5":0.7763666483,"6":0.765323026,"7":0.7537272225,"8":0.7537272225,"9":0.7123136389,"10":0.7095527333,"11":0.6951960243,"12":0.6863611264,"13":0.6797349531,"14":0.6808393153,"15":0.6869133076,"16":0.6819436775,"17":0.6808393153,"18":0.6731087797,"19":0.6736609608,"20":0.6714522363,"21":0.6709000552,"22":0.6753175041,"23":0.6620651574,"24":0.6631695196,"25":0.674765323,"26":0.6951960243,"27":0.7112092766,"28":0.741579238,"29":0.7857537272,"30":0.8597459967,"31":0.9149641082,"32":0.9304251795,"33":0.9641082275,"34":0.990612921,"35":1.0},"復華中國新經濟A股基金-新臺幣":{"0":0.0022197558,"1":0.0797262301,"2":0.11172771,"3":0.1189419164,"4":0.1189419164,"5":0.1224565298,"6":0.1302256752,"7":0.1342952275,"8":0.1405845357,"9":0.1424343322,"10":0.1588975213,"11":0.1646318905,"12":0.1677765446,"13":0.1698113208,"14":0.1753607103,"15":0.1846096929,"16":0.1947835738,"17":0.1973732889,"18":0.1999630041,"19":0.204772475,"20":0.1966333703,"21":0.2007029227,"22":0.2328893822,"23":0.2397336293,"24":0.2656307806,"25":0.3468368479,"26":0.4491305956,"27":0.5186829449,"28":0.5873103959,"29":0.6428042915,"30":0.704772475,"31":0.7330743618,"32":0.8769885313,"33":0.9038105808,"34":0.9755826859,"35":1.0},"日盛中國內需動力基金":{"0":0.9530434783,"1":0.9860869565,"2":1.0,"3":0.987826087,"4":0.9669565217,"5":0.947826087,"6":0.932173913,"7":0.9269565217,"8":0.9130434783,"9":0.8591304348,"10":0.8956521739,"11":0.8886956522,"12":0.8660869565,"13":0.8486956522,"14":0.8660869565,"15":0.8573913043,"16":0.8417391304,"17":0.8469565217,"18":0.8052173913,"19":0.76,"20":0.7391304348,"21":0.7217391304,"22":0.7408695652,"23":0.7304347826,"24":0.692173913,"25":0.7026086957,"26":0.6852173913,"27":0.6886956522,"28":0.692173913,"29":0.7095652174,"30":0.7130434783,"31":0.7130434783,"32":0.7113043478,"33":0.6817391304,"34":0.7060869565,"35":0.6869565217},"群益中國新機會基金-新臺幣":{"0":0.7662529551,"1":0.9429669031,"2":1.0,"3":0.981678487,"4":0.8123522459,"5":0.9163711584,"6":0.9577423168,"7":0.9878841608,"8":0.9813829787,"9":0.8040780142,"10":0.9343971631,"11":0.9092789598,"12":0.8817966903,"13":0.8549054374,"14":0.859929078,"15":0.8584515366,"16":0.8486997636,"17":0.8262411348,"18":0.7972813239,"19":0.7624113475,"20":0.6137706856,"21":0.6090425532,"22":0.7254728132,"23":0.6944444444,"24":0.6846926714,"25":0.688534279,"26":0.7106973995,"27":0.7364066194,"28":0.7464539007,"29":0.7547281324,"30":0.7999408983,"31":0.8161938534,"32":0.8528368794,"33":0.8433806147,"34":0.835106383,"35":0.8138297872},"安聯中國東協基金":{"0":1.0,"1":0.9984555985,"2":0.9714285714,"3":0.9382239382,"4":0.7444015444,"5":0.9521235521,"6":0.9613899614,"7":0.938996139,"8":0.9204633205,"9":0.8972972973,"10":0.8918918919,"11":0.8741312741,"12":0.8571428571,"13":0.8486486486,"14":0.8424710425,"15":0.8463320463,"16":0.8548262548,"17":0.8555984556,"18":0.8478764479,"19":0.844015444,"20":0.8301158301,"21":0.8262548263,"22":0.8362934363,"23":0.8262548263,"24":0.8223938224,"25":0.8208494208,"26":0.8463320463,"27":0.8579150579,"28":0.8586872587,"29":0.8702702703,"30":0.8756756757,"31":0.8795366795,"32":0.8934362934,"33":0.922007722,"34":0.966023166,"35":0.9459459459},"兆豐國際中國A股基金(台幣)":{"0":0.6965566714,"1":0.7159253945,"2":0.7288378766,"3":0.7216642755,"4":0.7137733142,"5":0.7109038737,"6":0.7173601148,"7":0.7166427547,"8":0.7015781923,"9":0.6965566714,"10":0.6929698709,"11":0.6807747489,"12":0.6728837877,"13":0.6743185079,"14":0.6692969871,"15":0.6721664275,"16":0.6714490674,"17":0.6635581062,"18":0.6707317073,"19":0.675035868,"20":0.6606886657,"21":0.6707317073,"22":0.6721664275,"23":0.6649928264,"24":0.6664275466,"25":0.6836441894,"26":0.7094691535,"27":0.7288378766,"28":0.7639885222,"29":0.8005738881,"30":0.8450502152,"31":0.8766140603,"32":0.8981348637,"33":0.9433285509,"34":0.9705882353,"35":1.0},"德信中國精選成長基金":{"0":0.9375,"1":0.96875,"2":0.84375,"3":0.8125,"4":0.75,"5":0.6875,"6":0.75,"7":0.75,"8":0.75,"9":0.84375,"10":0.9375,"11":0.9375,"12":0.9375,"13":0.96875,"14":0.96875,"15":0.9375,"16":0.90625,"17":0.9375,"18":0.90625,"19":0.84375,"20":0.8125,"21":0.96875,"22":0.96875,"23":0.96875,"24":1.0,"25":1.0,"26":0.96875,"27":0.96875,"28":0.9375,"29":0.90625,"30":0.875,"31":0.90625,"32":0.90625,"33":0.90625,"34":0.875,"35":0.875},"台新中國精選中小基金":{"0":0.9411764706,"1":0.9786096257,"2":0.9572192513,"3":0.8930481283,"4":0.9090909091,"5":0.9037433155,"6":0.9411764706,"7":1.0,"8":0.9786096257,"9":0.9625668449,"10":0.9679144385,"11":0.9197860963,"12":0.8930481283,"13":0.9037433155,"14":0.8930481283,"15":0.8502673797,"16":0.8663101604,"17":0.9037433155,"18":0.8877005348,"19":0.8609625668,"20":0.8502673797,"21":0.7219251337,"22":0.8663101604,"23":0.8449197861,"24":0.8556149733,"25":0.8395721925,"26":0.8235294118,"27":0.8235294118,"28":0.8342245989,"29":0.8449197861,"30":0.8502673797,"31":0.8556149733,"32":0.8609625668,"33":0.8556149733,"34":0.8556149733,"35":0.8449197861},"國泰中國內需增長基金台幣級別":{"0":0.629124424,"1":0.6700460829,"2":0.6617511521,"3":0.6569585253,"4":0.6234101382,"5":0.6221198157,"6":0.6232258065,"7":0.6199078341,"8":0.6025806452,"9":0.58359447,"10":0.6060829493,"11":0.5852534562,"12":0.5811981567,"13":0.5657142857,"14":0.5559447005,"15":0.5635023041,"16":0.56,"17":0.5489400922,"18":0.5494930876,"19":0.5408294931,"20":0.4521658986,"21":0.5314285714,"22":0.533640553,"23":0.5157603687,"24":0.5362211982,"25":0.5623963134,"26":0.6042396313,"27":0.6506912442,"28":0.6787096774,"29":0.7494930876,"30":0.8460829493,"31":0.8694930876,"32":0.9340092166,"33":0.9362211982,"34":1.0,"35":0.9889400922},"第一金中國世紀基金-新臺幣":{"0":0.7712383009,"1":0.9969402448,"2":1.0,"3":0.9940604752,"4":0.9677825774,"5":0.935925126,"6":0.9418646508,"7":0.9337652988,"8":0.8794096472,"9":0.7449604032,"10":0.9325053996,"11":0.8455723542,"12":0.8318934485,"13":0.8275737941,"14":0.8201943844,"15":0.8304535637,"16":0.8342332613,"17":0.8338732901,"18":0.8137149028,"19":0.7960763139,"20":0.6920446364,"21":0.7012239021,"22":0.94312455,"23":0.7741180706,"24":0.7683585313,"25":0.7712383009,"26":0.7478401728,"27":0.7167026638,"28":0.7086033117,"29":0.6697264219,"30":0.650287977,"31":0.6220302376,"32":0.0948524118,"33":0.088912887,"34":0.1040316775,"35":0.0887329014},"兆豐國際中國A股基金(美金)":{"0":0.75,"1":0.7,"2":0.6,"3":0.6,"4":0.55,"5":0.55,"6":0.55,"7":0.55,"8":0.45,"9":0.5,"10":0.45,"11":0.5,"12":0.5,"13":0.5,"14":0.5,"15":0.5,"16":0.5,"17":0.5,"18":0.5,"19":0.45,"20":0.45,"21":0.4,"22":0.45,"23":0.45,"24":0.45,"25":0.5,"26":0.55,"27":0.5,"28":0.55,"29":0.45,"30":0.55,"31":0.7,"32":0.8,"33":0.8,"34":0.95,"35":1.0},"摩根中國亮點基金":{"0":0.9637367915,"1":1.0,"2":0.9908741595,"3":0.9764649376,"4":0.9406820365,"5":0.9286743516,"6":0.9231508165,"7":0.9125840538,"8":0.8904899135,"9":0.5595581172,"10":0.8756003842,"11":0.8393371758,"12":0.8340537944,"13":0.8177233429,"14":0.8047550432,"15":0.8093179635,"16":0.7982708934,"17":0.790585975,"18":0.7829010567,"19":0.7732949087,"20":0.4877521614,"21":0.7586455331,"22":0.7648895293,"23":0.7384726225,"24":0.7363112392,"25":0.734870317,"26":0.737271854,"27":0.7379923151,"28":0.7478386167,"29":0.7632084534,"30":0.7752161383,"31":0.7725744476,"32":0.7740153698,"33":0.5148895293,"34":0.7961095101,"35":0.7821805956}}