{"台新印度基金":{"0":0.9861453202,"1":0.8734605911,"2":0.8479064039,"3":0.8445197044,"4":0.8897783251,"5":0.9421182266,"6":0.9119458128,"7":0.8543719212,"8":0.8709975369,"9":0.8186576355,"10":0.8623768473,"11":0.8482142857,"12":0.8691502463,"13":0.8343596059,"14":0.8402093596,"15":0.819273399,"16":0.805726601,"17":0.7891009852,"18":0.7235221675,"19":0.6859605911,"20":0.4125615764,"21":0.5495689655,"22":0.7318349754,"23":0.6290024631,"24":0.6373152709,"25":0.6539408867,"26":0.6705665025,"27":0.6875,"28":0.7108990148,"29":0.7515394089,"30":0.8583743842,"31":0.9221059113,"32":0.9667487685,"33":1.0,"34":0.9953817734,"35":0.9270320197},"野村雙印傘型基金之印度潛力基金":{"0":1.0,"1":0.8671065897,"2":0.8297131335,"3":0.820731372,"4":0.7699569242,"5":0.7301805517,"6":0.7505269911,"7":0.6981944826,"8":0.6347722482,"9":0.6209330034,"10":0.658693062,"11":0.6245073779,"12":0.603794336,"13":0.5963706351,"14":0.5797818715,"15":0.5971954908,"16":0.6222161122,"17":0.6238658235,"18":0.644670516,"19":0.6679497755,"20":0.67445697,"21":0.6681330767,"22":0.711392173,"23":0.6753734763,"24":0.6916872881,"25":0.6497113005,"26":0.6838969847,"27":0.7427366877,"28":0.8177985519,"29":0.8441022821,"30":0.8437356796,"31":0.8040509577,"32":0.7818715058,"33":0.7697736229,"34":0.8129410686,"35":0.7476858216},"元大印度基金":{"0":0.5771083875,"1":0.5310995994,"2":0.4939127569,"3":0.6255861712,"4":0.5879324492,"5":0.5825019281,"6":0.6217308583,"7":0.5561230136,"8":0.5080957038,"9":0.3942423823,"10":0.5892390953,"11":0.4843744944,"12":0.4826757458,"13":0.4667771007,"14":0.467154248,"15":0.5166296,"16":0.5382140044,"17":0.5179022566,"18":0.5625067809,"19":0.5450235012,"20":0.4030703101,"21":0.5309482329,"22":0.6698867842,"23":0.5474435519,"24":0.6160842547,"25":0.6487931878,"26":0.6783427312,"27":0.7512201542,"28":0.7849962661,"29":1.0,"30":0.9438850079,"31":0.8482397123,"32":0.814218151,"33":0.681785004,"34":0.8909786223,"35":0.7174963407}}