{"Date":{"0":"2016\/04","1":"2016\/05","2":"2016\/06","3":"2016\/07","4":"2016\/08","5":"2016\/09","6":"2016\/10","7":"2016\/11","8":"2016\/12","9":"2017\/01","10":"2017\/02","11":"2017\/03","12":"2017\/04","13":"2017\/05","14":"2017\/06","15":"2017\/07","16":"2017\/08","17":"2017\/09","18":"2017\/10","19":"2017\/11","20":"2017\/12","21":"2018\/01","22":"2018\/02","23":"2018\/03","24":"2018\/04","25":"2018\/05","26":"2018\/06","27":"2018\/07","28":"2018\/08","29":"2018\/09","30":"2018\/10","31":"2018\/11","32":"2018\/12","33":"2019\/01","34":"2019\/02","35":"2019\/03"},"China":{"0":19451,"1":22223,"2":22482,"3":22306,"4":20813,"5":21304,"6":21493,"7":21451,"8":20909,"9":17905,"10":20907,"11":20010,"12":19725,"13":19436,"14":19333,"15":19496,"16":19473,"17":19303,"18":19040,"19":18705,"20":15852,"21":17443,"22":19449,"23":18163,"24":18314,"25":18971,"26":19810,"27":20429,"28":21093,"29":21815,"30":22991,"31":23303,"32":21735,"33":20914,"34":23256,"35":23201},"India":{"0":2267,"1":2247,"2":2231,"3":2442,"4":2413,"5":2360,"6":2390,"7":2314,"8":2231,"9":2046,"10":2241,"11":2170,"12":2133,"13":2099,"14":2095,"15":2102,"16":2106,"17":2093,"18":2098,"19":2113,"20":1869,"21":2097,"22":2139,"23":2102,"24":2148,"25":2143,"26":2225,"27":2306,"28":2382,"29":2476,"30":2508,"31":2492,"32":2379,"33":2267,"34":2408,"35":2324},"Russia":{"0":2104,"1":2058,"2":2040,"3":1965,"4":1881,"5":1811,"6":1738,"7":1710,"8":1663,"9":1535,"10":1565,"11":1562,"12":1526,"13":1479,"14":1487,"15":1487,"16":1474,"17":1480,"18":1453,"19":1462,"20":1404,"21":1438,"22":1447,"23":1417,"24":1413,"25":1419,"26":1432,"27":1434,"28":1432,"29":1428,"30":1425,"31":1412,"32":1381,"33":1406,"34":1398,"35":1460},"Brazil":{"0":3244,"1":3210,"2":3153,"3":2971,"4":2754,"5":2597,"6":2490,"7":2375,"8":2222,"9":2062,"10":2122,"11":2099,"12":2079,"13":1995,"14":1960,"15":1903,"16":1804,"17":1801,"18":1808,"19":1799,"20":1609,"21":1778,"22":1815,"23":1797,"24":1812,"25":1838,"26":1805,"27":1777,"28":1790,"29":1778,"30":1792,"31":1764,"32":1706,"33":1692,"34":1690,"35":1668},"China%":{"0":71.8650705682,"1":74.7293025758,"2":75.1755500568,"3":75.1448591834,"4":74.7029898424,"5":75.8905671131,"6":76.457614457,"7":77.0233393178,"8":77.3691026827,"9":76.0361814167,"10":77.9094466182,"11":77.4350837816,"12":77.4653418686,"13":77.716022232,"14":77.7206030151,"15":78.0214502961,"16":78.3401054029,"17":78.2226364631,"18":78.0359850814,"19":77.6817974168,"20":76.4541333076,"21":76.6523114783,"22":78.2655935614,"23":77.358490566,"24":77.316671592,"25":77.8425177465,"26":78.3871478316,"27":78.7366067987,"28":79.008877402,"29":79.3359275557,"30":80.0633793007,"31":80.4356080218,"32":79.9051505459,"33":79.5844590738,"34":80.8848080134,"35":80.9723240149},"India%":{"0":8.3758220646,"1":7.5559889703,"2":7.4600414633,"3":8.2266540897,"4":8.6608520871,"5":8.406953548,"6":8.5020098894,"7":8.3087971275,"8":8.2553191489,"9":8.6886359776,"10":8.3510340973,"11":8.3975078364,"12":8.3768605427,"13":8.3929785277,"14":8.4221105528,"15":8.4120377781,"16":8.4724624854,"17":8.48158204,"18":8.598713062,"19":8.7752813655,"20":9.0141796084,"21":9.2151520478,"22":8.6076458753,"23":8.9526811193,"24":9.0682652932,"25":8.7932378647,"26":8.8042101931,"27":8.8876898173,"28":8.9223508259,"29":9.0046186857,"30":8.7338069369,"31":8.6017051534,"32":8.7460019852,"33":8.6266600708,"34":8.3750695604,"35":8.1108435417},"Russia%":{"0":7.7735904825,"1":6.9204384962,"2":6.8213736374,"3":6.6197277995,"4":6.7513728868,"5":6.4512681676,"6":6.1826331329,"7":6.1400359066,"8":6.1535615171,"9":6.5186003058,"10":5.8319359046,"11":6.0446577145,"12":5.9930094647,"13":5.9138710064,"14":5.9778894472,"15":5.9508564111,"16":5.9299191375,"17":5.997487539,"18":5.9551620968,"19":6.0716807176,"20":6.7714864474,"21":6.3192125154,"22":5.8229376258,"23":6.035180374,"24":5.9652974205,"25":5.8224939477,"26":5.6663501108,"27":5.5268634857,"28":5.3638985654,"29":5.1932938139,"30":4.9623903051,"31":4.8738393566,"32":5.0770192272,"33":5.350279691,"34":4.8622704508,"35":5.0954524832},"Brazil%":{"0":11.9855168847,"1":10.7942699576,"2":10.5430348425,"3":10.0087589274,"4":9.8847851836,"5":9.2512111713,"6":8.8577425207,"7":8.5278276481,"8":8.2220166512,"9":8.7565823,"10":7.9075833799,"11":8.1227506675,"12":8.1647881239,"13":7.9771282338,"14":7.8793969849,"15":7.6156555146,"16":7.2575129742,"17":7.2982939579,"18":7.4101397598,"19":7.4712405,"20":7.7602006366,"21":7.8133239585,"22":7.3038229376,"23":7.6536479407,"24":7.6497656943,"25":7.5417504411,"26":7.1422918645,"27":6.8488398983,"28":6.7048732067,"29":6.4661599447,"30":6.2404234573,"31":6.0888474682,"32":6.2718282416,"33":6.4386011644,"34":5.8778519755,"35":5.8213799602}}